Country,2001,2002,2003,2004,2005,2006,2007,2008,2009,2010,2011,2012,2013,2014,2015,2016,2017,2018,2019,2020,2021,2022,2023,2024
Algeria,2091.6272744932976,2100.6025207732246,2206.3957620001293,2802.224794131606,2924.8201669571195,3093.978245368675,3945.8151254683057,5172.336907040264,5280.588155942263,5671.30911730702,8652.237040002523,9326.287144036318,10161.588239148075,11863.212527827234,10407.345244361462,10217.081699569308,10073.364021301344,9583.7242883703,10303.60057521065,9708.277440227255,9112.461105348943,9145.810174207281,18263.96796826213,21811.24255503127
Libya,819.7479936006769,452.5136147574527,541.401766516621,685.0732200740247,690.9307693483545,614.356296200431,639.1370461889375,1100.0686521298505,,,,2987.41340773267,3964.690154136521,3755.652496350929,,,,,,,,1214.8645582452625,1573.6827773146888,
Morocco,1470.3176147925328,1474.8743262617281,1819.2300702499797,1937.523821552049,2031.1313805624586,2134.59487606275,2408.350249562701,2944.9584727359997,3055.069441858733,3160.804832033607,3342.6989556074454,3402.700835840546,4065.55231693534,4048.6125243501792,3268.363375665711,3327.031889648557,3461.461531383587,3696.8569447441005,3721.32383745287,4830.956393511692,5378.3665352074695,4995.028073835146,5184.9283995423875,5517.9243992338525
Angola,404.299139990661,438.68624541123177,670.0211644324943,817.5335821520827,1365.0553986904408,1970.309115183761,2032.432883434303,3163.5911474090203,3311.1932452772153,3500.7948364464883,3639.4963735446004,4144.634851468555,6090.751702008843,6846.249313340521,3608.2991146167365,2764.054937159764,3062.8729139838,1983.6137480008938,1470.9387172875404,993.5944046258786,981.4510118717992,1622.7637319509674,1247.8463450851725,922.0508138869424
Benin,13.112535622252024,26.000447640418486,34.544046799724704,41.78047834028981,44.70602956008706,46.78613092619863,,64.72460110985809,,,,78.2230910412182,86.00315763905756,92.99070618812131,90.89608589060782,79.58156805205942,116.14278236693988,90.21242599458418,68.11239030783777,71.81781847880863,97.42448880988522,110.01037031732224,149.0352880047432,154.1077197327867
Burkina Faso,36.83296523104501,42.46844995896629,50.757054370268406,65.68424240703409,73.8433421553535,72.63286733347358,107.81672846242283,116.99958687375086,127.33329662463522,123.70047468386377,138.85086020183698,147.72969891896022,166.13634523520363,177.16697177629396,147.9347366641305,149.46736322745178,191.0658387643044,305.7810790579835,357.9215575177743,382.4646773604908,458.2790984448859,562.583349170273,827.153018861823,1023.6722201425774
Burundi,53.230373106377655,44.910067053523555,43.41320130793815,44.87237714597148,49.55712938478892,44.717502041451176,46.308706221634765,43.85631994872184,,,,58.96666227617139,60.8595000932422,62.17742874014547,66.16458443559236,66.4628430779874,63.908678432008834,65.43659526279552,84.68941391820168,67.47409271629704,68.37639713578308,101.434221215165,145.16802165114814,171.82978457825809
Cameroon,124.30170836749478,145.6266105011851,188.49965588437712,221.10792469973595,223.08462314301534,256.9278433322496,296.69891730496784,346.5861256573732,343.2651539859293,354.0543978420157,347.477885670932,354.4474631116474,392.84063089891674,401.5291181013931,353.81549455348926,387.43783087299033,408.1575751355605,429.89218057234984,422.2947719802443,393.29939006377396,443.33683200567674,416.6380216402023,456.5690918880268,534.85200533635
Central African Republic,,10.681962960624858,15.018926359256708,15.103589918320603,15.396194650670752,,19.11251974369193,31.511483793168903,35.99238435701186,51.58527450295492,49.874328728918805,42.74602518573944,47.923241448908705,38.40700992145633,26.703885622839138,26.832998820193534,27.516264177935216,30.517648413658087,40.7776666587025,44.34809807635498,55.515012096934115,42.00180265646586,62.52702181344471,71.1749699459274
Chad,26.192330830965336,34.29040385200319,40.949759119064005,50.54090121809251,55.491517968862574,222.99145135688195,389.1359096286621,611.426848739965,738.9037370866565,615.8170074523953,609.7069930870205,,726.4593960003237,392.38295459279203,220.9823315580353,309.5674317268118,219.08103137027834,253.17412333736397,234.7096549582052,322.86652649138955,330.9980781919861,331.74676604946757,372.75185572335937,557.7112401406976
"Congo, DR",,,78.70803187986098,137.63780552523806,165.20506089789578,205.10208657659214,205.21722302854377,159.9984265849921,122.37801098067885,183.68209750825963,238.78754658827546,332.4939793749422,374.47565335181775,341.22463440621283,491.27687707905375,395.73374524705577,295.2360743175798,295.3483646354702,352.7095655968196,362.0916155392711,306.0787825606135,371.08159985082017,794.2445980722746,899.1877784038358
"Congo, Republic",54.44594353097175,70.70423020195469,93.77666896077082,124.29843739648106,100.91607452963972,126.56964179846622,168.07958820448727,207.72434430164915,,218.39092063633078,,,367.05729547164015,704.893729407907,,501.8121449378365,371.9370550768078,292.2604652501871,299.95323896934593,298.38219194745164,313.0558314869467,265.8479727296654,284.99442966404865,182.04440252173868
Cote d'Ivoire,,,213.00757054370266,250.81158844184486,249.8729780763952,267.360247853277,323.61919347670505,368.9105749154208,420.05904452906276,387.69213995400554,357.33025901421166,407.59653412323723,430.0036108364891,521.2605292510298,569.6716215445381,602.5387312353536,501.5787322456487,607.8482178844936,535.9513821809754,607.1558899681999,637.6569128174989,607.2456995565701,682.1771113492144,658.3532182181273
Djibouti,26.048131622036788,33.250994536380055,41.763775805898014,37.35574299041756,44.84726059385216,49.51581411313238,34.51871191361741,36.27483527551612,,,,,,,,,,,,,,,,
Equatorial Guinea,,,,,,,196.31437173850904,292.75465883587725,371.9275878573274,,,,,166.54027052149743,137.26265956547465,139.20081764180193,136.21036138833068,149.49869004433694,148.6369330225033,162.37336438041947,162.8071326712182,156.79163491983198,162.192394152675,113.13523755497545
Eritrea,166.55024536893762,150.76442521241995,181.58366899891195,,,,,,,,,,,,,,,,,,,,,
Ethiopia,349.8082764508146,288.9323334597765,278.6731599315324,311.03874898964517,342.0666386659343,345.6870170210907,360.1403086120266,388.18759674741193,339.62776796630897,303.6170330890518,332.4417723915925,366.53901766752523,345.0641658440276,414.4760258300706,442.532624456259,490.1772485320749,513.8274523733917,516.9770761594,535.9780182036751,754.4741287976404,1595.5437290148695,1785.6038283919195,1409.020101008437,921.6652638646304
Gabon,90.03613723144335,94.69316544904646,108.39642119752236,125.12185657362976,118.11143045644475,130.23771730191817,,,,268.73850390791415,265.96533761703535,278.1439571266554,282.163387579953,208.12477333813558,170.374503339251,202.81539068040226,267.4307708028203,261.2173950595958,266.8791961198584,263.471597129303,311.4549286354286,277.6747689905686,265.3858026318787,319.0959207265087
"Gambia, The",2.4542302004181753,2.2592856640793664,1.997861937225075,1.9313954998484852,2.9850850731748286,2.7863192437744293,4.547026140374858,17.163533461905878,7.095299575145247,,,11.173079860710601,10.378890693483436,14.599970284939412,14.288131905326017,,,11.48722494341072,14.456446201773305,14.805015929753672,15.874259866824561,15.446282227631354,13.950935482351193,14.433677704271274
Ghana,32.35214049880987,36.97548134378742,53.24402028695239,56.35384298967754,64.19656639953038,75.73260792709274,126.07778899286608,113.66816024804795,118.29074389551391,122.48046847703037,234.3274795780005,337.26097270327756,254.99705739361838,252.6538337166147,190.5403620029066,161.75187426381748,189.1298414903589,218.44425359219503,233.32013703844692,239.8871642832229,298.34543305757217,229.27886620907788,285.3759346916375,268.7367054338518
Guinea,87.71839881880076,98.08486517126894,84.13394930803605,81.01857009799771,,,,,,,,168.9133574679029,196.818705594191,196.94558975324063,221.4142323102065,161.85674445321777,181.63777587054466,197.07952635247594,197.75433070763407,206.99289078606407,244.55859041580294,441.26016972619306,504.6671802862754,562.4559504996824
Guinea-Bissau,6.1831635151745,6.363093769189713,7.505161734342739,,12.116374832217312,,,,13.744583702185157,17.129808167954497,17.519804351235308,24.49175068115888,21.710792648368553,21.47083120865868,17.036957292550245,15.730078467708703,19.021935352021526,21.19842949271607,22.571242307469138,24.165899178063146,25.67374032562508,24.538678142199377,25.292392170568288,
Kenya,195.36500549875768,213.89450800072638,245.93866381512757,259.8078407151852,316.79948540185114,375.807203248785,494.68489666892464,580.0119406782479,578.0716723549488,622.0498477910775,646.6781067167507,840.0725899566542,860.5608961147384,819.0426267995349,843.6678027970108,933.1030025495725,1015.3847819758978,1113.6483616451974,1116.8724199131227,1115.3217703236953,1191.0351991616183,1155.1795230193984,1053.7955722424294,1231.306436546417
Lesotho,23.390729430677485,19.559896401567258,27.363759542615423,31.3869551015606,33.61989391964248,35.2245793060673,39.83467156444587,27.350681860548445,47.39976893128951,70.66103736808891,58.16932075310592,53.24014582270093,47.94118317234693,47.69339602823479,44.02592624976555,41.489543364854306,52.59481037259718,51.06434775482326,44.84596746278989,38.618836531454946,37.044054950260545,34.66849989755181,34.446236515400514,36.29597699581493
Liberia,,,,4.525,6.467,3.9005,2.882,4.895,6.7395,8.982,12.5405,15.179,15.1115,14.531,14.799,14.712,13.3355,13.229,12.901,12.901,29.723,52.198,62.518,33.825
Madagascar,65.0375654549594,57.743396833993216,72.51701888834157,54.47171002643323,54.01816248383699,53.91401764458759,81.93694366768415,103.27153953768797,70.98522142305785,56.92289289217446,71.98980801137711,68.63601780434357,71.8778744942023,69.67665525330813,58.93284775624188,59.39499592052374,66.90609018516719,73.25842523867843,76.576631109179,87.3577520692398,99.1859200335487,98.14916922293187,101.86616111700121,121.63424673229977
Mali,44.88165022597706,49.355225627987856,66.7584308327598,77.4203318284638,86.45074203553581,96.0048958671996,110.37688803944357,142.91935105682163,144.434608395844,146.78654571078408,161.06267457286603,148.8657798706043,153.8336976763015,218.11840312495508,309.1706822216586,362.3989021985638,460.19619196839136,481.72818447786335,475.63818567201065,593.8658835386727,652.8833532865035,582.0175525434124,785.2650084672229,929.2785208614016
Mauritania,51.85248934979992,36.28113741494597,62.449150287039494,0.0,66.65963664848904,81.90618019359643,0.0,123.32338383647561,114.82432937194606,0.0,0.0,142.2999123457623,144.21548346758368,144.8443306631431,132.93121769171918,136.0648759693798,143.7693185931887,159.01335298038617,162.3979549764987,198.53003721424776,230.93549287908405,225.35213553643985,277.1614963252498,260.0590172692291
Mauritius,8.977215381076785,9.502035912155398,10.882927441176998,10.935141916831826,10.886148046189001,10.814271432220789,11.63228874262703,15.580188944497554,15.316115870562394,14.874416912462156,17.512018393367242,16.662229617304494,23.200896376061024,19.744222082766132,17.086605413515816,21.999438028168242,22.633506641126573,23.017460774950223,22.131218959658447,18.47839938830126,20.231427796007996,17.8845959703586,19.936715863076138,23.009853325713888
Mozambique,50.61921598176162,53.509586958357964,59.771342553075186,77.63060585528734,62.247951086249515,57.439135775251174,68.62536425660694,83.70945573360328,84.30280940319714,99.189931713982,118.87118303540713,139.10055334296692,157.89211436315983,173.75224899254573,134.03372638618154,110.46370930906537,129.25838622376298,196.53545284958963,217.45132229003198,288.25894594244045,309.99969354294996,417.1753094156353,404.3991853360489,450.44858739359756
Nigeria,570.6322877615054,896.9132014131931,587.4618872947331,639.9900668231894,674.20814479638,776.1480583278924,971.3213786086734,1615.5332107367603,1504.4861721132022,1990.0996686582655,2384.9360217138424,2316.4781998615867,2418.7601708706266,2357.6712192906225,2065.557663350914,1723.2042663951536,1621.218176403174,2043.051719216729,1860.2604295613423,2567.917819043856,4466.397815795406,3109.384939123517,3101.259562897293,1133.303623276479
Rwanda,56.88590313143352,51.11861411757281,45.19626898289796,41.2157610455642,44.99635188939861,54.55764803973101,55.580440804088084,67.66035962395469,75.27848605414107,74.51441728645308,75.38392855655523,79.79391009205675,82.4807155803265,90.93779321668521,103.5632147055096,107.27861868518903,115.71681244900425,118.95917404681512,124.07335262689226,147.87373188727793,167.83780302392546,176.43166455758063,179.43300947733138,175.9243805853525
Senegal,68.89128682102861,74.36139503119135,96.85650378527184,107.55368787680892,124.40375529889967,148.55514544167988,192.8079755126057,216.87028952334163,214.82424298899164,195.7328929063938,230.19035065039654,196.66148901037556,236.737915958222,239.89363451230562,214.82796517034404,304.7642642451122,305.4412616233524,385.13236310243565,356.82079602974954,345.6374789302657,483.22491309553004,421.013743846819,448.993705877196,514.941285308382
Seychelles,11.065396053633437,11.699935949255751,12.239108859559465,15.927272727272726,14.727272727272727,14.366386518083443,15.176703387225304,11.124810198324246,8.651202433522657,7.157559787202307,8.712704951134803,9.9241097489784,13.76645132398431,30.90915271788738,18.10134877581179,21.920004392191316,22.290935264479923,21.561447814228046,23.4962551154351,19.413071361940297,40.106698626587196,24.505837153757927,33.22626112759644,26.860869691808244
Sierra Leone,29.911134607154544,27.133961877629186,28.467933592851605,22.961537037722575,23.552130233008835,28.02245848118275,29.076876178735688,23.645736556308716,26.405564662620176,25.062278631202407,25.476183906777404,29.758934079796692,31.684939411425276,48.81063078771625,39.22651426584026,37.41473216954801,39.57782600412428,29.622478099625702,24.5577468422701,32.59916863959977,43.42785226444332,41.79580033538687,37.826350383725625,36.44704886254763
Somalia,,,,,,,,,,,,,26.05,60.258,46.614,47.706,61.813,76.562,71.72,98.1566,111.029,118.661,140.974,201.854
South Sudan,,,,,,551.4545044277537,587.9668667228808,896.3907069315268,609.8986326487162,650.9106678230703,1052.7219703686358,988.2259887005649,981.9830508474575,1301.5254237288134,1151.9203767594379,135.3381435897436,72.38810457388036,149.0924246995465,186.49892522647013,128.91601412559498,213.22201750345465,520.445647167204,1076.1661292799017,2027.890373099954
Sudan,388.09131742313554,484.6072630323654,398.11022173858066,1240.766949070394,1164.9959360606883,1647.8391943710703,2427.0725947480155,3228.0000000000005,3180.4830097306613,,,,,,2279.6216395618985,2748.5119762470727,4382.998816697173,1047.8787199874052,722.2561774207632,934.3111538035246,375.212619388697,,,
Eswatini,19.665055208509987,18.338440521028016,31.92769093492845,42.695547309545816,59.471673902753906,58.520575052979005,61.877516723749075,66.65783019941365,75.91161798842768,102.03217496537462,106.62940892120098,90.63979527330794,86.04037675581507,81.355664003534,73.52745574242415,80.52777990285844,87.76282312823491,95.86338032309557,86.53228597134749,76.79529997571046,82.79251539554714,83.20058048067726,70.513370260132,79.65526460814857
Zambia,,,,98.34940404446229,139.50935364624175,205.8522315691896,232.27866444140193,278.05513581051133,220.9622858003492,280.1877785513869,309.11376415185566,346.30142308999956,381.34580208269625,443.6046665349359,372.44756982052706,299.50475987672945,339.66453136804074,378.0254309589422,292.07246264612525,212.14242739156592,217.57724472933046,326.0787595981478,377.172056162625,349.668209787907
Zimbabwe,286.7,677.0,194.8,256.1,131.4,161.7,,,,98.293,198.438,318.272,356.7,368.1,376.677,358.065,340.522,420.364,546.9389999999999,242.1795918367347,473.9452747252747,332.7173372781065,870.433537886873,98.39429271626754
Costa Rica,0.0,0.0,0.0,0.0,0.0,0.0,0.0,0.0,0.0,0.0,0.0,0.0,0.0,0.0,0.0,0.0,0.0,0.0,0.0,0.0,0.0,0.0,0.0,0.0
Cuba,,,296.9339622641509,62.047619047619044,78.55714285714285,76.58744394618834,83.36563876651984,89.05726872246696,92.4625550660793,94.27753303964758,93.74449339207048,126.87224669603525,119.38325991189427,125.63876651982379,118.37004405286343,123.65894744865882,122.55291900664083,128.60912695598049,,,,,,
El Salvador,150.65145907473308,161.7,126.6,128.0,132.9,142.1,165.6,173.0,189.89999999999998,201.0,220.7,224.3,237.5,233.89999999999998,247.7,247.6,260.9,294.61,317.2,343.9,351.578,458.494,454.7666666666667,425.19999999999993
Haiti,0.0,0.0,0.0,0.0,0.0,0.0,0.0,0.0,0.0,0.0,0.0,0.0,4.48084338790874,5.296049731064281,5.634558910887799,6.5860840095186,6.521133548200615,9.703849936527906,11.833075049811821,15.83488707148608,29.230408206595225,12.704528304212378,11.786377442106629,19.75109126232189
Honduras,62.95197657961574,63.602176056080914,82.19517679140746,60.561786644110256,62.58927480976833,75.59591854015835,95.92434017284904,132.42840063902497,156.8025572767543,170.18697969314795,200.3584058867374,209.70567423162518,254.07160674981657,241.8879921741257,288.1489026761738,334.21713429792385,367.92859643674956,358.4975844894758,392.63014033942557,341.210438870203,420.7669935183646,458.31072789077996,522.9608573826796,581.271651183095
Nicaragua,28.193450444589025,34.831910071361904,35.30712498179362,32.628065155736266,34.12357395134253,37.28514513375072,39.47204379759872,42.659728782411634,41.72177290493866,44.272442921091574,51.453111133903846,70.13296980043911,74.53201093727247,81.39192994117772,98.9329471510318,85.07359844390895,86.72544483921432,81.59393269387536,76.93150684931507,79.34330960337063,77.9196503033963,84.21404786365383,98.59293650294244,105.26401630988785
Panama,0.0,0.0,0.0,0.0,0.0,0.0,0.0,0.0,0.0,0.0,0.0,0.0,0.0,0.0,0.0,0.0,0.0,0.0,0.0,0.0,0.0,0.0,0.0,0.0
United States of America,331805.61057213676,378463.1387538414,440532.0695861917,492999.3761593967,533203.0,558335.0,589586.0,656756.0,705917.0,738005.0,752288.0,725205.0,679229.0,647789.0,633829.639,639856.443,646752.927,682491.4,734344.1,778397.2,806230.2,860692.2,916014.7,997309.0
Argentina,3183.591795897949,1114.1724829103634,1374.8737343266807,1465.8091882461604,1699.579151829071,1847.5531298394728,2296.44824188781,2788.980204569742,2981.8522900938246,3475.348407463491,4051.9301045706466,4563.217858772342,5137.974300969896,4979.442724458205,5482.616700963933,4509.647660052341,5459.6436724540135,3842.8523653176017,3132.654926067453,2830.9297052154193,3073.4333228081255,4338.261310308717,4882.352998999768,4177.618452205222
Bolivia,188.9194785527901,157.3455362468619,173.40647453575255,166.3831417517297,163.95886622217037,167.90998585429662,195.36418093042508,365.82631809038566,305.420456957265,547.246000161045,403.5692023609766,499.8732295672937,564.5121075774239,625.9096546136035,580.6173401505065,519.3099343264205,574.1261133739499,602.8559179948289,593.1585685912642,510.4958273471458,536.2472332130958,429.36559062577425,588.8164036886878,655.1301263654879
Chile,1893.09822376358,1779.5531376599022,2067.983997639565,2687.3208657832524,3100.391590801903,3855.358068926501,4022.4781037545167,4641.877575551094,3902.221588275149,4894.081125097746,5686.752069601463,5466.101782017839,5529.879480609684,5102.777422117338,4630.772773721746,4796.01096208952,5370.018134870679,5545.831932778564,5182.156528660157,5246.204733451836,5194.059174297632,4649.295736329365,5470.078568904183,5105.441707261223
Colombia,3264.438192230924,3347.522601667572,3278.3695028929856,4056.896991185455,4914.190181960764,5326.664238461082,6775.762766505156,9051.130501954049,9033.202672523235,10422.054493645217,10306.57850595734,11706.271912738606,12503.812627422021,11845.950895382397,9127.165374889575,8675.98082276398,10018.029817582357,10134.71959055053,10167.547855570394,9554.131505351017,10180.134292076586,9661.013161746454,10779.238341591625,15096.259111906225
Ecuador,384.0,505.0,739.0,710.0,954.0,950.0,1310.0,1646.0,1949.0,2094.0,2453.7,2589.776,2735.825,2786.519,2597.51,2513.2,2462.7,2549.4,2346.0,2356.3,2408.81,2586.48,2692.0,2698.0
Guyana,14.371052898500436,16.65224346366664,16.345330568708157,22.132238739738185,18.506566604127578,19.176973644773916,24.971954118420335,30.52059342051632,31.055650894827163,31.07505549117052,32.41674754188356,33.54260660213939,35.163485788289826,39.28096746979678,46.43050847457627,51.56213082321534,59.51089588377724,61.745465962467776,67.20693771302835,76.54183968311678,76.54494516317185,88.1982412136681,109.67487253633666,201.84155893808693
Paraguay,91.29889392508213,69.8927412933427,63.51188005691786,84.46698626038018,77.46893796657797,106.55740613898422,132.39361617574593,168.1548573995471,168.48626190490575,204.6052548221292,285.10624084439166,320.9097565605706,371.2155753621545,398.370830477549,386.53886426470393,343.2323405624826,348.17965747301054,386.55638958634836,375.7795113839231,364.34219998371367,372.6013693137807,365.6882525756103,397.5794853625594,413.97134808491046
Peru,904.2354491093096,839.613251812882,891.2539133584593,922.0460744703604,1203.0394213774448,1291.0601395231888,1332.655375707312,1503.6638913805077,1848.5629300641885,2178.945723333631,2355.1678338493666,2857.98338219855,3305.451871317915,3217.5746568971613,3312.2145701862896,2536.0723348143015,2665.7853132957102,2648.683287361667,2766.847335140018,2653.592900085886,2657.5017745932614,2799.190985043305,3308.6118483134364,2565.2686137199557
Venezuela,1911.4001365285812,1071.3639691631854,987.890177726888,1448.7159829326454,2665.390596961359,3630.0884955752217,4351.5603167210065,5660.456450861668,4055.379599441081,3991.1948347443517,3577.53158743851,5114.847099993006,6199.698500155424,1554.7271082393247,320.5391579635235,218.15489292907495,2127.936596435706,763.6233333456439,4.112702176528608,2.5915767326464496,2.024833039105932,4.627333501938637,3.9170573402045368,0.0
Fiji,32.811655824617965,30.9143042680947,37.296898079763665,46.79881127557056,43.11135029007019,54.067168058780716,75.57691829992301,53.58565862045165,51.28572232079398,50.40895371446742,60.78552746780876,59.22151640603612,58.10827689951612,74.78794112721579,42.61755760351153,54.411608003680406,75.27655501156583,81.37831357093523,79.02219897721992,71.18100399753999,68.72685185185186,68.0967657079601,73.34829746573489,77.63833568937058
Papua New Guinea,25.23076559881017,17.02086146610461,19.307132133185537,24.42172944323422,30.464707683876274,31.30796635620418,39.287099330601784,39.33202226592447,52.04817178074436,46.33562437253842,64.19313614259143,110.62318527583808,105.10089061755127,112.3757559260335,99.84064267898488,79.05131930988075,80.86075551716011,79.95690578511802,91.73453996983409,93.46198156682028,87.78552746294682,132.7909406124206,97.04925702319157,91.00505612322591
Afghanistan,,,,125.11155745705429,122.72719313487397,131.34623126951666,219.58021429619842,240.53259462098535,251.8695148203345,298.1471028257008,325.8069497233305,238.583385374322,217.19410711329814,268.2387877199877,199.5171087648259,185.87831006238258,191.40711324439658,198.07472857440797,226.3062437292583,279.57695492519326,278.250788014927,,,
Bangladesh,705.4816952129768,681.8161617197214,719.4429569408867,770.6411602889672,773.6776681791534,829.6827948377387,953.4642235996222,1030.0200182387623,1258.791156602384,1624.625085966406,1801.5398018135625,1823.4250763778864,2047.9890708703356,2355.9915247115246,2815.281640954544,3239.753509639179,3266.033239356584,3649.6238075765878,4348.5018948365705,4651.183348262694,4849.929469848361,4214.350329153417,3782.793038256228,4034.561892720439
India,14600.642346099723,14749.667251590712,16333.986643282034,20238.566526541108,23072.312925170067,23951.927958152162,28254.773450064695,33002.37672737971,38722.154392184326,46090.44565650027,49633.81579370266,47216.92004820612,47403.52880142257,50914.096277082994,51295.483753943605,56637.622640874084,64559.43528069269,66257.80171827496,71468.90052430412,72937.06404779929,76348.53879392086,79976.78932793697,82293.33216258115,86125.97624855244
Nepal,64.7017383751416,85.40588572177009,102.93414620692553,130.65032793293665,159.3260237503065,157.24768952493002,169.57539712414362,187.0696958359673,209.703501957568,254.95007210667686,284.5188510626225,256.68683947359773,281.0384256935982,328.115662238927,323.7977296402706,356.4952786405869,436.74556354662235,429.3730059326625,428.6968950576221,434.38167346146383,453.2637836078492,454.50977533688734,436.4629238793196,426.5178344615292
Pakistan,2842.0467904248862,3273.4018933825378,3722.814794292838,4128.195489367107,4587.117425165296,4969.197611466818,5342.575137680384,5226.678786501533,5274.564970769608,5974.613176076194,6954.7875112631655,7478.831888576715,7655.678989264873,8676.510710112492,9506.441631231208,10004.709598813655,11378.168955074414,11537.426075768064,10223.117331007528,10241.024484575892,11649.407810499359,10358.13859029127,8626.157588370106,10165.952756244771
Sri Lanka,675.0165020193997,571.657950222711,541.695589560821,619.3054924204991,644.2118251109475,791.4910406682449,1054.816810247417,1511.3630069968801,1522.2323720040022,1532.026109106347,1753.3215755437977,1474.9026276811674,1600.8414104083865,1914.5912202907846,2057.8664069716037,1741.4566499742639,1866.5344389938177,1638.9143268756698,1560.094458931629,1486.440860794995,1539.694803940506,1001.9558189446814,1165.8246402134698,1333.3123534166348
China,26561.462998292423,30284.127409997203,33144.0004814458,37904.57182699605,42789.95365090244,51453.37323384863,62136.59075458873,78840.80281986286,96601.66675295417,105522.64810183836,125286.37316401086,145127.60959620716,164070.4693217442,182109.20461907954,196538.82723079034,198538.36142755367,210443.03474096782,232530.59598526615,240332.55545815144,257973.4298335652,285930.51805605274,291958.42846021045,296821.37759150215,313658.3302171763
Japan,40757.9672341581,39333.708169840815,42486.177361061986,45339.809414657146,44300.61332994611,41552.592885579405,40530.045688469174,46361.468280459376,51465.15820758982,54655.45073530501,60762.21384089115,60011.53019469736,49023.93240685809,46903.466612518736,42106.10330579276,46471.28771424602,45058.46876064932,48535.90941058696,50778.00658600794,51396.53605852544,53602.00256868031,43198.166358861585,48189.108621390515,55273.90431670826
"Korea, North",0.0,0.0,0.0,0.0,0.0,0.0,0.0,0.0,0.0,0.0,0.0,0.0,0.0,0.0,869.6296296296296,912.5925925925926,961.4814814814815,1604.4444444444443,,,,,,
"Korea, South",12941.850827659393,14101.703314709574,15847.047272177979,17829.864142772327,22159.512557122216,25177.237741034423,27726.12958524929,26072.410507690216,24575.661939182253,28175.181218967875,30991.70794647611,31951.760810318963,34311.22071516646,37552.29895382319,36570.76932257444,36885.28343002335,39170.68213562155,43069.97334287524,44102.24075217899,46117.09657458188,50873.788105291685,46365.420707415724,47801.863038878735,47571.318596722755
Taiwan,7982.24852071006,7531.453362255963,7472.833982218607,7833.163784333674,8011.315944912488,7645.015523654361,8157.237683454113,8960.24367801504,9122.817634421615,9092.34561658555,9998.235134401304,10496.825825623016,9964.30495689655,9802.43661508067,9803.312169782,9663.668976088233,10479.976346134894,10504.77580996834,10993.171742014822,12029.571535275345,13932.664756446991,15261.446437325107,16344.564791689405,16475.00879807408
Brunei,217.66793918692653,226.18243148906228,243.3732450148664,199.38114931104053,248.58807978851235,293.4364635320625,323.1371508194546,361.98903448421856,349.75972280467766,390.7195400107077,415.37152896471133,411.2614739470378,412.09427975415014,527.785180451652,424.0220391672654,403.366488712977,346.7068044215495,357.7087675037257,414.72873900293257,436.5482233502538,453.3377986157625,435.85735115960216,448.9114907294426,558.6082089552237
Indonesia,919.022697814032,1369.8571288954472,2134.7467043171787,2428.947795298053,2146.2707913864774,2611.8751173667915,3348.758341538125,3232.2022154952697,3304.459138201523,4663.365759375519,5838.026185717234,6531.097955283207,8384.028600925323,6929.248704206713,7595.030527643327,7396.62607468605,8797.528449542044,7493.744633357805,8154.2447676185575,9386.95671764656,8802.514800450364,10133.923494136328,11258.797569510034,11042.843809908181
Laos,12.574570778305628,11.435617473623502,11.013340902639795,11.496967521302928,11.965988437570388,13.41056506461678,14.838865540093053,16.26788895979287,13.973614527862097,15.356402951044767,19.009820599098884,20.327157657072636,22.677713119613642,,,,,,,,,,,
Malaysia,1934.4736842105265,2237.8947368421054,2881.5789473684213,2823.157894736842,3120.3377791391276,3266.197405797971,3970.5373272398815,4411.795565121724,3964.8177046389555,3854.2853506111287,4692.483660130719,4507.252007252007,4915.722759456792,4919.245322858516,4532.069852244317,4169.374000506931,3494.83225687397,3445.043719600085,3265.2814689538536,3374.5835316515945,3675.4890123158657,3673.788247833662,3925.419274890087,4312.858466811218
Myanmar,9464.417217002449,11000.356815937175,24189.10950279609,29853.91408291321,32954.2622508452,,,,,,,2969.2360763158836,2366.989084910612,2372.8959116141423,2552.3704418280217,2455.7841201322026,2221.9610602285816,1529.3644779426184,1532.0771460097578,2498.2291379385424,2642.7255086032546,2489.9059866877787,2493.4864513424823,5011.272415126733
Philippines,1122.1039915595595,1199.1217666984476,1301.2860840576127,1243.2213476469442,1372.7024353051165,1607.2712674634554,2014.3710291147688,2270.904919083191,2115.785124486941,2438.1895689840544,2701.4921582615884,2898.685257454628,3377.0278611512927,3103.131460158857,3335.550049029568,3331.502847063366,3836.46420962757,4107.401278805222,4268.129892722529,4693.073497108079,5546.091354063002,5321.933197646216,5142.604807858253,6117.535232861855
Thailand,1720.105374742021,1783.8907497887576,1877.4768227245772,1950.8774961215643,1867.0440898953507,2106.9769283564756,2679.881917365332,3650.043676249426,4339.318318370871,5193.510006091076,5156.739374977452,5408.091535271577,5555.742693484345,5582.641023404271,5434.004602739935,5562.167772719793,6114.994058349862,6661.98527048746,7091.211579585714,7295.66954298498,7123.128719072973,6030.95005663075,5745.692331574045,5522.411647480037
Timor Leste,,,,,8.23,17.105,23.735,23.651,36.481,26.389,20.53,33.388,31.683,29.624,36.959,26.217,25.442,20.61,34.4,38.456,39.222,44.311,55.111000000000004,46.4
Viet Nam,,,841.930159385155,915.0895465515051,1026.4268013544445,1286.5288667141838,1784.2174218104822,2137.6255965452515,2401.4509144394115,2672.286425006313,2686.520590156901,3360.8603802573457,3727.24927627619,4255.721581236996,4562.632500691308,5017.4017873723415,5073.853533652233,5500.0,,,,,,
Kazakhstan,221.48620652055394,245.95671944623857,317.56431513076967,426.4417245561804,591.9852498494882,793.0271474910579,1359.776098699349,1540.810813057465,1271.8902757344215,1501.815343897391,1803.9707818116094,2177.5432054884554,2551.1243747083067,2306.468864809557,2046.197674331204,1281.103431979172,1390.6190952539735,1498.3785327077314,1853.499708868923,1548.1757749091753,1617.7933749973538,1163.0539942791354,1164.302584933854,1208.9679058981856
Kyrgyz Republic,35.81360742486254,43.78246419143919,55.06847902786814,63.015184091873586,75.71886627751037,89.81192641129282,116.26349075337052,149.3092145915472,148.96109462732,184.39935993803886,210.65190198487772,211.84394685615206,234.442449229016,252.115132114057,230.50750895673355,227.83218717759019,239.3976139449192,250.49425234923092,254.03077893047518,258.288068196585,262.7001098758285,352.1328098310123,483.86868842276806,473.0466608752266
Tajikistan,12.468225563719603,25.577668199397277,34.788346393934745,45.11009893923939,,,,52.467120604421225,47.529274315605,53.75693370815512,71.34211679370438,76.26047183132779,,104.28068919281768,100.67958040709917,84.59018362804856,78.30524163546994,81.4196352813393,82.7683912267814,77.49756572541384,89.9920078145813,203.9420832955756,285.06344990408735,246.39347302058226
Turkmenistan,,,,,,,,,,,,,,,,,,,,,,,,
Uzbekistan,59.76061046511628,45.914432989690724,54.1336954635028,,,,,,,,,,,,,,,1440.3850722075165,,,,,,
Albania,53.23204516151514,58.649352502586424,76.14288176066567,100.9223584354933,110.14085268593365,140.98390065991597,194.84030924084274,255.67795781850086,182.7368624977758,185.89324199507388,197.0067892363348,183.20469566021168,180.01550882086661,178.12036802776305,132.3506675908342,130.85320362646382,144.38268871993475,175.88668857587416,197.22591331889257,196.5963089844182,222.81454011666085,228.6931596237378,397.61761306954554,535.4725592068793
Bosnia and Herzegovina,,241.02551764292622,202.2828388913574,200.10030727037255,173.3048476524747,178.3755700513768,195.04968509447167,233.29239065308568,242.4713578475591,219.9154895242223,211.8782606223435,197.34465021251995,197.61718882590543,190.38045464127472,162.21568188047118,157.9120105787029,156.25830209392853,172.07331781494943,165.36920435031482,167.52186588921282,209.7218863361548,184.48479933661622,197.33251579831193,215.9748685076517
Bulgaria,406.0035428043081,455.9504665427689,569.0540774513764,620.9090158782561,667.6703957106465,715.7195354236277,990.1682936216367,1161.4514778030393,904.9612921112683,832.5492930099703,757.9312600429447,722.0524949903091,811.6343302320216,747.5325321364387,632.5096350034006,670.5928583597237,720.0379708542399,961.2972745944962,2158.5575271894672,1119.0115398065043,1275.2448905550855,1436.9013695197298,1989.7034778381724,2329.8342541436464
Croatia,623.6075293667859,721.3910267159096,712.4964033255708,726.8100823241949,784.7273184548906,825.6410920829061,953.886579582177,1243.402599965793,1100.0105478921544,981.7993289997144,1090.9239019325412,953.0700020107224,962.0514956138462,1076.4249457247915,891.5404797242875,836.0456833801545,911.3635214684042,950.5824881790669,985.7625515255588,981.3893288335565,1360.3460034644795,1282.1106128046986,1439.0603324964022,1629.0556020690954
Czechia,1182.5199222827216,1494.3903966278233,1885.7066893544613,2042.0859306298103,2439.538514196031,2449.9637097488007,2707.677752208813,2918.6958533713687,2718.559513193097,2497.902954713247,2474.3132590034975,2220.610394585621,2148.784401091433,2022.883295194508,1779.8871893897049,1954.9350000452812,2077.72206082334,2710.0175833052126,2910.2524966202955,3252.505061818808,3935.6309650053026,4005.428325664086,5056.277310052805,6524.946704278731
Czechoslovakia,,,,,,,,,,,,,,,,,,,,,,,,
Estonia,93.81853990421199,122.06953065395737,171.4119238560682,204.96818024280657,204.51702102326723,236.32444919018945,371.974547445358,429.66269888880834,353.36657657455044,332.1801569879983,389.23758088843476,436.852911624656,479.31446082434115,512.1190451235256,463.5688144615726,497.6534042560566,537.440226919815,614.9451742738099,637.0353784146887,718.1123902883847,748.5808893093661,818.2789637096434,1235.9497149969102,1441.9197327743057
German Democratic Republic,,,,,,,,,,,,,,,,,,,,,,,,
Latvia,86.9667410976613,147.22484018430958,189.14425139214106,229.35332250095294,272.5511157794651,367.82549044443806,481.4926271441468,581.7522729265941,363.8092510700886,259.67212419746744,296.83492921251104,255.74034258924888,283.5689327399981,295.72896526571094,282.6882555173561,404.55245216626344,482.46199911382143,709.3705369262184,691.8943125839678,742.0494699646644,823.0842005676442,856.1427717990358,1253.7964399462405,1425.694079367243
Lithuania,166.875,181.48144119054868,210.82241323545267,270.84179976192104,303.81900635179267,351.60578876038693,442.00449334913014,541.3901946476149,404.8260286711513,326.3209186864288,344.60521542864046,328.6316816129308,354.86214970338443,426.9136953658939,471.2210269490962,635.4481024122891,812.1069650199627,1056.3837446738194,1093.819973130318,1174.056765074661,1306.7644276253548,1734.3727649835503,2162.912001244593,2627.47414171702
North Macedonia,226.30300233255093,106.30957671974116,115.8272017201039,135.25629479112484,127.00365435225034,126.00887672176026,162.56723705449164,172.65815891486756,158.71666145131812,130.02146910642912,132.4619948090471,119.41040252410194,126.5063487034247,124.18510567970968,99.98365956435407,103.52013726839455,100.75469205276137,119.60616396734459,146.09338039957785,153.53748289507746,205.55566324849283,220.21418736261475,266.629712724026,353.68497998573173
Montenegro,,,,,60.811819131472916,62.34781550566336,64.19047462628552,85.1063829787234,76.68338790541826,75.09486189564862,79.37666381689152,67.71220130182168,64.83624307749093,67.54401804251837,56.89142730398138,61.71455161002053,65.73488637693362,75.3656032010198,73.96215853112406,82.9203237205061,91.13765373699148,98.01151901183874,114.26052609971435,150.03320850397313
Poland,3630.645594665234,3776.173214412639,4150.261758565008,4778.627749040365,5896.4048611025255,6619.413758878047,8589.13636445745,9349.421394298617,7903.812008435519,8790.170132325142,9455.422988001417,8986.83879209222,9275.711727445881,10345.153574872198,10212.785780607508,9164.190586637735,9870.680628272252,12040.673422956454,11786.153846153848,13718.291431503332,15295.541731467083,15341.313422532776,26342.76430158256,38000.72865237
Romania,985.6576556736221,1056.1360624890335,1250.3275592543398,1530.183903960584,1975.975151442349,2251.493424659485,2607.689941556444,3000.4049450942093,2225.1445399481195,2086.2204600522355,2379.8714824132967,2102.886223401188,2452.512981081276,2691.470287458852,2580.594158275774,2644.159836085372,3622.0684918064962,4359.021208905095,4613.0403968816445,5052.321470657554,5300.529355149182,5187.965337043869,5628.033535951844,8715.729594321898
Serbia,494.0692264812736,678.5116998430082,730.5671229165725,739.1720650755207,629.5009428334167,705.0627142725234,971.5705646368481,1111.6315378610461,974.2884792381245,872.339631719991,986.9581936743695,865.0724197455364,932.2035953024288,918.5571782840711,700.1893514398879,784.5779432878213,796.4466377762001,1064.7473168594288,1178.580562873011,1282.5293327097188,1813.0077423878124,1451.3488372826162,1796.87944010484,2322.8301016066002
Slovakia,393.9965983215895,440.05928604185914,624.5084545812033,711.2904280257394,823.3134554495834,911.3706267600489,1139.1944877528663,1411.7102848947,1350.2944392041043,1137.680535597216,1064.842810573361,1020.1800347940494,967.923107869653,997.7038218026678,985.9154929577466,1003.0480836894296,1049.0743469102863,1295.9881024043057,1802.5078369905955,2047.1902427903797,2064.8060548722797,2085.664762257356,2441.648912493896,2849.2247382802107
Slovenia,271.48879038865914,326.9595228120574,416.9067536765131,493.1538929137311,514.1727994667635,608.8337533729663,692.6549125558757,829.3844069286263,798.868642190033,772.0851075101484,665.6796713722711,543.4964165212631,506.74293210331416,486.1948703960181,400.77187534656764,449.17753909570104,473.79675720880743,529.4961226585461,572.8840125391849,567.6507466089138,762.7719962157048,775.1562933856135,912.9174031227177,951.9049998810118
Yugoslavia,,,,,,,,,,,,,,,,,,,,,,,,
Armenia,66.24762645970476,64.10640565236426,76.58799888728201,98.0704881985412,140.73810267715712,188.18911643111238,280.1086883439205,395.9943654422507,359.4993434870335,395.0115077878285,390.87143390219086,380.57167889606836,444.5518595011059,457.807021791353,447.37980750681885,431.3962186016581,443.6104133409947,513.2520264823678,652.0001748240832,633.9604001152595,619.4354717100929,795.2015800497068,1326.2456793866893,1418.0117107942972
Azerbaijan,131.96366006418867,139.89409194333467,176.55216230580788,228.24963162565027,304.52147773320036,717.111853555619,946.5997921046375,1607.7992259195248,1472.9099769465142,1476.6087335700493,3080.084995808461,3246.1226126303864,3367.5741611974386,3427.179917064822,2900.5513821521513,1396.9691076583222,1528.8595922938523,1672.1764705882354,1854.235294117647,2237.7647058823527,2703.1764705882356,2991.035294117647,3561.6705882352944,3777.088235294118
Georgia,23.829967872958292,33.97580703927713,42.64740288490667,70.419742780372,214.0714301476267,404.1720258589217,931.7505642057121,1090.1602506053837,603.6552149369347,454.1782151553575,468.7796268362529,491.9825293585331,441.87892697677154,415.64321085748213,299.51417628460484,315.19444632233643,321.13664460766495,333.9123818409045,310.61412850550226,287.86407766990294,300.48943443132384,401.3817261846843,508.40141939870364,615.8640455928504
Moldova,5.96186582304063,6.978372204413986,8.246742536698004,9.378005953105104,11.960379694593477,16.449497757232827,22.718473793029595,36.84565050038491,24.90638726866854,18.33571827023356,22.96696369243351,23.870072823950988,26.710522134299424,27.565559837630307,23.051814594477925,27.431006079722557,30.926160543156936,37.4046895300252,43.00932857307383,44.53378065710319,51.303602882305846,52.3309486841982,94.36290535631728,110.72550200012377
Russia,11683.151344772614,13943.825063400162,16973.73908510361,20955.41357062786,27336.9772736915,34517.78161891802,43534.99499624719,56183.7853932539,51532.11679751988,58720.22760875794,70237.5239514946,81469.39993125766,88352.89646355981,84696.5046534978,66421.82217992056,69245.2945528466,66913.03353678314,61609.20475641708,65201.335848356466,61712.53716893713,65907.7050471045,102366.63645968008,109203.62473837858,148967.27514048334
Ukraine,1088.575172742435,1176.3557377849368,1427.9847506605481,1685.0341594005092,2405.4925820482254,2986.475247524753,4096.039603960397,4811.038840223116,3452.51129473614,3729.4572334430495,3684.633313084558,4136.914809354989,4386.419892405856,3961.5513786803726,3502.7337442387357,3423.286810509843,3647.5651955403505,4750.21903104009,6262.432160712211,6838.766421177517,6898.123104359392,41183.92747281194,64908.02532704768,64704.99002547817
Cyprus,327.62716029158815,242.48349099552414,288.42760580203236,338.47456632165574,380.87502884939164,387.7036719618826,405.176368466016,453.8030541619365,471.3527810925438,477.5874285638605,479.73531844499587,414.4963214415118,384.9253610459412,357.8068225989243,327.89176000887215,295.3550099535501,359.0616510162441,450.4089798519882,463.6139722346619,483.4150233671492,541.8046357615895,532.5123898794249,558.8783108111028,598.1857556070449
Finland,1479.270879007794,1611.406522046021,2475.0597431078863,2892.9381239924955,2999.3910488025917,3128.5174744456294,3296.557750138623,3958.1183341047195,3940.584835357924,3717.180504760468,4099.505807285694,3943.2399581649092,4161.139945217411,3985.5083519883165,3399.1349672840197,3415.0082496504506,3431.090216953642,3754.5884824663904,3635.2440662785493,3868.6880200615524,3831.5988647114473,4446.368019386269,5928.02105436018,6987.848067308337
France,27951.56638441603,30578.398932821656,38569.11581293607,44524.57961259987,44442.050523139165,45792.14841552436,50684.467384422926,55365.96584483099,56441.455398190985,52044.06056505242,54120.87100950157,50216.50740316641,52001.46244766376,53134.75089880245,45647.47164050127,45703.38275042233,47628.07710432421,51321.36491861714,50454.545454545456,53423.00239370797,58734.626300851465,54677.44242597626,59491.96416610127,64675.01530619972
Iceland,0.0,0.0,0.0,0.0,0.0,0.0,0.0,0.0,0.0,0.0,0.0,0.0,0.0,0.0,0.0,0.0,0.0,0.0,0.0,0.0,0.0,0.0,0.0,0.0
Italy,19519.381482044904,21610.059761893554,26824.21329204071,30261.076654684523,29737.642391682835,29633.02226331352,31982.43179248821,36839.98974621891,34054.4813243999,32020.819951128742,33828.804971119964,29781.008205125567,29957.44590451684,27701.03433494218,22180.845070422536,25033.027894675393,26447.89291542744,28420.098438440564,26380.673981191223,32929.09381055512,36232.72232734153,34691.881158127675,36933.180928345166,37964.57831690215
Luxembourg,144.7122216303602,138.59316949104704,179.45926235985343,212.0179594206214,220.21089670079115,223.2722130269358,258.43279719653026,213.86457684842713,201.43281243271102,247.6673575747141,232.1524143156022,214.57187129799277,233.6823964129752,252.07942306184427,249.52866807142067,235.55594468120012,323.138029306824,355.27542697968676,381.7733990147783,425.16812948820245,403.26395458845786,509.90855922039185,662.4924663457452,871.6431411964221
Malta,27.119323113904972,28.40369079676857,34.125502004604385,40.52646918882293,52.49896331758239,44.43442583726032,49.26337711565586,56.03251913428791,59.110111510426584,58.728949930136615,55.893126481361776,49.92200890665995,53.789438883423024,56.51487991665989,51.79660641011423,59.672922989577785,64.23588816573347,66.86909103785277,80.26757725033588,86.28747292830275,87.95056764427625,79.01756039277392,112.63672153534341,109.25489636134313
Spain,10222.074075399772,10270.839019340263,12880.532801224332,15262.45863676718,15997.72422026563,17252.217612693363,20065.66863480958,22227.721829567512,20178.274984961998,19710.78544987385,19695.435494296973,18860.623363407656,17242.95932200239,17178.54931476189,15187.168681379617,14014.43963518389,16043.533257461726,17823.271130625686,17189.319301388266,17431.779322922604,19544.465468306527,20306.570632830448,23821.20215556545,24615.39792874126
Switzerland,2763.655325250945,2882.6967618583226,3270.337504177032,3503.819863289103,3484.636759344031,3328.9733937344477,3524.7465364845843,4098.459038491723,4055.5443233407464,4115.407849191205,4973.863848781927,4592.165377675208,5032.883664327698,4612.776476684807,4521.07690931875,4571.348246673114,4628.401508544773,4736.844967476971,5021.931589537224,5731.416400425986,5485.229759299781,5652.315105803478,6289.176348464885,6722.303543869969
United Kingdom,39512.579943649725,44245.26599830941,52343.12227706736,60250.78254470321,61653.635038461965,64217.61952832726,73448.03201416646,72915.40766974038,64010.50666980102,63979.111970269434,66569.55257313492,65452.48755424162,63837.72485543124,66995.46865428948,59990.20571932446,53327.366087712755,52075.008432054296,55832.91640524925,56567.602040816324,58332.3717948718,65148.595797799186,64069.879004169685,75303.38748001806,81763.17306967443
European Union,,,,,,,,,,,,,,,,,,,,,,900.3172145699933,1273.7628618718156,1187.7178293969898
Bahrain,372.3404255319149,444.1489361702127,515.9574468085107,531.9148936170212,513.2978723404256,574.2021276595746,642.5531914893617,719.9468085106382,828.1914893617021,842.8191489361702,1033.5106382978722,1182.18085106383,1347.6063829787233,1475.2659574468087,1442.0212765957447,1505.534574468085,1532.7127659574471,1527.6595744680856,1557.712765957447,1404.7872340425533,1437.5,1598.06914893617,1622.3936170212764,1383.973404255319
Egypt,2834.256229549459,2902.768425240073,2383.914898271713,2369.743586433063,2659.4397135752392,2952.5201590045294,3306.9082572226075,3779.8803497468934,4017.404478271456,4407.286452719168,4463.974191069017,4557.748767350389,4359.83424376995,5085.12157627973,5475.490833441686,4513.022526816316,2765.5884340120665,3119.587363842486,3743.6714515456547,4505.374644325008,5165.445626552845,4645.9220475088,3167.1501259135607,2396.2111638226684
Iran,10378.791765718619,3243.891033232663,3717.0684497839247,5243.621132599411,6796.744965394759,8751.474767035876,9330.901881771117,11081.950208569098,12584.623338706246,13561.272454213882,14277.667360568184,16493.96328692867,11997.1869840994,9901.118855302648,10588.769670868436,12263.957414621567,13931.196489797547,11795.842412294844,4921.057693827596,3349.7020080458146,5699.580109499255,7459.331830845907,7390.861136377818,7891.903306818182
Iraq,,,,613.7248696178667,1120.2785326086957,1236.0810129342656,1989.9487473795803,3116.3040198477893,3237.1794871794873,3752.9059829059825,4278.6324786324785,4141.066053834346,7780.188679245283,6923.644082332762,9604.23101085097,5970.383697669416,7416.385135135135,6317.977150052539,7598.829335745368,5649.373636979964,4771.002728739036,4691.837701163389,5518.874505283099,6178.546529675486
Israel,8504.27401234054,7981.518926426078,8225.281206289676,8605.125435633357,8921.942197562224,9315.25356781371,11382.202878230219,13803.713496580285,12754.237934664856,13875.211595706838,15100.066207767746,14524.419593767505,16247.825942460868,17737.375713577003,16457.098752197602,17434.558598548465,19357.002461070504,19899.819039512953,20339.22558922559,21816.56976744186,24340.979541227527,23406.07457304864,27498.52785685238,46505.2983693376
Jordan,528.9266456318417,521.8617771509169,611.8476727785613,586.7418899858957,603.6671368124119,701.5514809590974,1032.4400564174896,1358.3835799043777,1568.3098591549297,1557.887323943662,1594.7887323943662,1472.8169014084508,1444.929577464789,1548.8732394366198,1614.929577464789,1769.4366197183099,1939.718309859155,1957.7464788732395,2032.1126760563382,2055.9154929577467,2176.760563380282,2334.5732394366196,2450.2391030452545,2560.2816901408455
Kuwait,2685.7352784534683,2821.5218778996687,3130.7464128961246,3450.1187648456053,3509.4178082191784,3597.8164975738864,4115.736733588071,4430.342077462169,4208.871205934986,4335.204653061509,5393.526319031521,5941.536636945587,5697.937802280067,5832.103419529835,5735.132890365449,6446.742131362371,6764.636913878053,7165.2790595364495,7373.519736842106,6941.042345276873,9024.335548172758,8244.121401265984,7755.031935627666,7792.925565710376
Lebanon,958.5406301824212,907.4626865671642,923.3830845771145,954.5605306799337,962.5207296849087,1008.955223880597,1152.2388059701493,1169.485903814262,1426.2023217247097,1585.4063018242123,1626.5339966832505,1757.2139303482588,1935.7182413723235,2270.065959793791,2239.416093739447,2606.456908322253,2441.074857018222,2775.557816206579,2326.058336524859,431.9910514541387,171.58739595719382,218.74773199617326,286.21731780181096,635.4715719063546
Oman,1819.8959687906372,1868.4655396618987,1969.3107932379712,2230.6892067620283,2739.0117035110534,3022.6267880364103,3244.6033810143044,3462.4837451235367,3367.490247074123,3671.3914174252277,5000.715214564369,9250.650195058517,8766.31989596879,8213.524057217166,7533.5500650195045,7935.955786736021,6802.665799739922,7565.344603381014,6551.040312093628,6095.708712613784,5783.615084525357,5783.485045513654,5851.7555266579975,5988.296488946684
Qatar,,760.9890109890109,784.6153846153845,772.3626373626373,887.5,1065.7417582417581,1562.2252747252746,2317.5,1948.3516483516482,1876.7582417582416,,,,,,,,,,,11593.406593406593,15412.08791208791,,
Saudi Arabia,21026.666666666668,18501.86666666667,18747.466666666667,20910.4,25392.03860072376,29580.507343124165,35469.513008672446,38222.933333333334,41267.2,45244.53333333333,48530.933333333334,56497.86666666666,67020.0,80762.4,87185.86666666667,63672.8,70400.0,74612.26666666668,65362.666666666664,64558.4,63194.666666666664,70920.0,77765.33333333333,80330.66666666667
Syria,1022.526577913993,1102.9121569096455,1436.2107335444664,1388.544983485948,1450.3246566683906,1435.2156922841161,1599.0337230650305,1732.4168479019934,2181.9745811918024,2346.021283012365,2494.887483148397,,,,,,,,,,,,,
Trkiye,7216.051044802912,9050.377181982842,10277.901778278221,10920.773882177982,12081.156313728992,13036.508103188771,14987.758360003992,16809.57649517487,16047.510903507187,17650.464118175463,17006.477805307622,17694.320712694876,18427.646196756963,17576.538470505897,15668.749999999998,17827.702150796664,17822.738263164494,19648.69382385138,20436.917121238785,15782.990905830842,15254.829834666363,15036.835693606365,19577.831923543665,24978.735534603824
United Arab Emirates,5797.957794417972,5354.118447923757,5834.717494894487,6816.882232811437,6604.220558202859,7165.418652144315,8460.993873383253,11571.681415929203,13836.35125936011,17504.697072838666,19181.756296800544,19024.098025867937,23561.061946902657,22755.071477195375,,,,,,,,,,
"Yemen, North",,,,,,,,,,,,,,,,,,,,,,,,
Yemen,540.1014987668375,737.3665480427046,807.3132440800662,735.4851279386933,815.627463983416,822.1305360595587,1050.4993641714375,1196.4117658837429,1420.7752641153184,1448.153376747575,1612.2544434050515,1618.8401267080628,1648.7505235236633,1714.8308436874681,,,,,,,,,,
